,Miramar
WeapVSS,333
WeapMini14,3050
WeapM16A4,1381
WeapAK47,14877
WeapUMP,1051
WeapSCAR-L,3684
WeapSKS,3893
WeapVector,1083
WeapBerylM762,30076
WeapFlashBang,581
WeapHK416,24338
WeapM24,2841
WeapGrenade,2030
mauler,8118
WeapFNFal,4038
WeapSmokeBomb,2264
WeapKar98k,2556
WeapDP12,766
WeapWinchester,936
WeapMG3_C_0,146
WeapMolotov,408
WeapGroza,865
WeapAWM,203
WeapUZI,784
WeapMk14,270
WeapBizonPP19,272
WeapThompson,463
WeapDesertEagle_C_0,22
WeapWin94,263
WeapBerreta686,520
WeapMk47Mutant,296
WeapSaiga12,477
WeapRhino_C_0,26
WeapAUG,515
WeapSawnoff_C_0,52
Weapvz61Skorpion,29
WeapMG3_C_1,31
WeapM1911,102
WeapL6_C_3,4
WeapPan_C_3,4
WeapMG3_C_2,8
WeapMachete,34
WeapPan_C_0,7
WeapCowbar_C_0,8
WeapM9,100
WeapSickle,31
WeapFlareGun_C_0,5
WeapPan_C_46,2
WeapPan_C_41,1
WeapCrossbow,17
WeapPan_C_8,3
WeapCowbar_C_3,4
WeapPan_C_14,5
WeapG18_C_2,1
WeapPan_C_1,6
WeapPan_C_20,2
WeapSawnoff_C_3,5
WeapCowbar_C_1,6
WeapG18_C_0,14
WeapPan_C_19,3
WeapPan_C_21,5
WeapPan_C_107,1
WeapPan_C_43,2
WeapPan_C_179,1
WeapPan_C_33,2
WeapPan_C_2,10
WeapPan_C_254,1
WeapPan_C_261,1
WeapPan_C_232,1
WeapPan_C_203,1
WeapC4,28
WeapPan_C_6,5
WeapPan_C_170,1
WeapPan_C_265,1
WeapPan_C_119,1
WeapPan_C_308,1
WeapPan_C_312,1
WeapPan_C_148,2
WeapPan_C_137,1
WeapPan_C_88,1
WeapPan_C_329,1
WeapPan_C_131,1
WeapPan_C_355,1
WeapSpikeTrap_C_178,1
WeapPan_C_379,1
WeapPan_C_390,1
WeapPan_C_406,1
WeapPan_C_398,1
WeapPan_C_412,1
WeapPan_C_414,1
WeapPan_C_327,1
WeapSpikeTrap_C_128,1
WeapPan_C_144,1
WeapSpikeTrap_C_115,1
WeapPan_C_494,1
WeapPan_C_4,2
WeapSpikeTrap_C_145,1
WeapSpikeTrap_C_193,1
WeapSpikeTrap_C_233,1
WeapPan_C_118,1
WeapPan_C_128,1
WeapPan_C_135,1
WeapSpikeTrap_C_391,1
WeapSpikeTrap_C_436,1
WeapPan_C_29,3
WeapPan_C_227,1
WeapPan_C_339,1
WeapCowbar_C_116,1
WeapPan_C_456,1
WeapPan_C_489,1
WeapPan_C_427,1
WeapSpikeTrap_C_314,1
WeapPan_C_483,1
WeapPan_C_457,1
WeapPan_C_17,3
WeapPan_C_570,1
WeapCowbar_C_131,1
WeapCowbar_C_129,1
WeapPan_C_533,1
WeapPan_C_651,1
WeapSpikeTrap_C_501,1
WeapSawnoff_C_1,14
WeapRhino_C_1,5
WeapSawnoff_C_4,3
WeapL6_C_0,6
WeapPan_C_24,1
WeapPan_C_5,4
WeapPan_C_7,2
WeapPan_C_15,2
WeapSawnoff_C_2,6
WeapL6_C_2,4
WeapDesertEagle_C_1,3
WeapPan_C_28,3
WeapPan_C_48,2
WeapK2_C_0,6
WeapK2_C_1,4
WeapSawnoff_C_6,2
WeapSawnoff_C_7,4
WeapDesertEagle_C_114,1
WeapSawnoff_C_14,1
WeapSawnoff_C_13,1
WeapG18_C_3,1
WeapPan_C_26,1
WeapPan_C_40,2
WeapPan_C_32,4
WeapL6_C_1,2
WeapPan_C_34,1
WeapPan_C_30,1
WeapPan_C_22,2
WeapPan_C_53,1
WeapG18_C_1,5
WeapPan_C_9,2
WeapMk12_C_0,1
WeapG36C,1
WeapQBZ95_C_0,4
WeapQBZ95_C_1,3
WeapDesertEagle_C_108,1
WeapQBZ95_C_2,2
WeapK2_C_2,3
WeapK2_C_3,2
WeapK2_C_5,2
WeapMk12_C_1,1
WeapK2_C_6,2
WeapMk12_C_2,1
WeapK2_C_4,3
WeapMk12_C_3,1
WeapMk12_C_4,1
WeapMk12_C_5,1
WeapPan_C_146,1
WeapPan_C_10,3
WeapMosinNagant,1
WeapK2_C_7,1
WeapPan_C_12,1
WeapPan_C_13,1
WeapDesertEagle_C_149,1
WeapQBU88_C_0,1
WeapDesertEagle_C_90,1
WeapSawnoff_C_17,1
WeapPan_C_42,1
WeapMG3_C_3,1
WeapFlareGun_C_2,1
WeapPan_C_23,3
WeapPan_C_154,1
WeapPan_C_37,1
WeapPan_C_27,1
WeapPan_C_11,2
WeapRhino_C_4,1
WeapFlareGun_C_1,2
WeapSpikeTrap_C_4,1
WeapJerryCan_C_0,1
WeapPan_C_36,1
WeapDecoyGrenade_C_7,2
WeapSawnoff_C_5,1
WeapPan_C_31,2
WeapCowbar_C_2,2
WeapPan_C_25,1
WeapDecoyGrenade_C_2,2
WeapRhino_C_5,1
WeapPan_C_18,1
WeapDP28,3
WeapFlareGun_C_3,2
WeapPan_C_16,1
WeapPan_C_186,1
WeapJerryCan_C_1,1
WeapDesertEagle_C_52,1
WeapQBZ95_C_3,1
WeapPan_C_35,1
WeapCowbar_C_9,1
WeapDesertEagle_C_27,1
WeapPan_C_56,1
